uid,username,name,provider,email,is_authenticated,created_at,order_id
100,Shulker,Randell McCullough,github,india.farrell@cassin.biz,false,2020-02-17,2
101,Parrot,Rubie Runte Ret.,github,evan@yundt.name,true,2020-05-24,3
102,Enderman,Marlon Romaguera,github,luke.wiza@stokes.name,true,2020-06-19,4
103,Chicken,Sommer Hilpert,github,selene@muller-brown.net,true,2020-05-09,5
104,Mooshroom,Joslyn Cronin,github,sharmaine@beer-zieme.name,true,2020-01-24,6
105,Skeleton,Nicolas Zemlak DDS,github,cory.medhurst@ortiz.com,true,2020-09-11,7
106,Wandering trader,Rebecka Effertz LLD,github,ned.crooks@king.info,false,2020-05-03,8
107,Panda,Lino Boyle,github,enoch@haag-conn.name,false,2020-09-05,9
108,Fox,Ernestine Kub,github,armand@bauch-beahan.biz,true,2020-07-17,10
109,Husk,Bess Purdy,github,malcolm@klocko-kihn.co,true,2019-10-30,11
110,Slime,Guadalupe McLaughlin,github,courtney_franecki@bergnaum.org,true,2020-10-31,12
111,Silverfish,Bobbie Jakubowski,github,anja_schneider@hintz-langworth.net,true,2019-10-03,13
112,Skeleton Horseman,Amy Prohaska,github,catherin@farrell.com,false,2019-12-23,14
113,Villager,Fr. Bobette Vandervort,github,silvia.mckenzie@weber-johns.com,false,2019-09-27,15
114,Trader llama,Emil Leannon VM,github,akilah_friesen@tromp-damore.biz,false,2020-10-05,16
115,Polar bear,Davis Morissette,github,danae@rempel.biz,true,2019-12-31,17
116,Pillager,Guillermina Mann,github,norma@torp.com,false,2020-10-06,18
117,Wolf,Jules Glover,github,sharita@keeling.name,true,2020-07-17,19
118,Ravager,Leslie Bosco,github,clarence@kunze-parker.org,false,2020-01-20,20
119,Vex,Noble Leffler,github,julianne_schuster@conn.net,true,2019-09-27,21
120,Horse,Joann Stokes,github,ethan@conroy.com,false,2019-09-29,22
121,Mule,Ashely Dickinson,github,cletus@mante-kilback.biz,true,2020-05-06,23
122,Skeleton horse,Edison Jacobs,github,goldie_damore@armstrong-kuvalis.com,true,2020-07-23,24
123,Iron golem,Msgr. Martin Kulas,github,eli_price@schowalter.com,false,2020-04-18,25
124,Zombie Villager,Elyse Pacocha Sr.,github,mel.kuphal@hyatt-donnelly.org,false,2020-07-27,26
